Workbook

Sheet Jesuan
B2: Jesuan | C2: G | D2: N
B3: 1 | C3: 9 | D3: 10
B4: 2 | C4: 10 | D4: 9
B5: 3 | C5: 9 | D5: 10
B6: 4 | C6: 9 | D6: 10
B7: 5 | C7: 9 | D7: 10
B8: 6 | C8: 9 | D8: 10
B9: 7 | C9: 9 | D9: 10
B10: 8 | C10: 9 | D10: 10
B11: 9
B12: 10
B13: T | C13: =SUM(C3:C12) -> 73 | D13: =SUM(D3:D12) -> 79

Sheet TOTAL
F2: RESULTADO TEORICO
B3: DESGLOSE | F3: # | G3: MANZUR | H3: ERLIN | J3: ERRORES | K3: OK | N3: ROUNDS MISMO GANADOR (OFICIAL) | Z3: ROUNDS MISMO GANADOR (REVISION)
B4: JUECES: | D4: ='JUEZ 1'!B4+'JUEZ 2'!B4+'JUEZ 3'!B4+'JUEZ 4'!B4+'JUEZ 5'!B4+'JUEZ 6'!B4+'JUEZ 7'!B4+'JUEZ 8'!B4+'JUEZ 9'!B4+'JUEZ 10'!B4+'JUEZ 11'!B4 -> 11 | F4: 1 | G4: 10 | H4: 9 | J4: =COUNTIFS('JUEZ 1'!B:B,F4,'JUEZ 1'!G:G,"error") + COUNTIFS('JUEZ 2'!B:B,F4,'JUEZ 2'!G:G,"error") + COUNTIFS('JUEZ 3'!B:B,F4,'JUEZ 3'!G:G,"error") + COUNTIFS('JUEZ 4'!B:B,F4,'JUEZ 4'!G:G,"error") + COUNTIFS('JUEZ 5'!B:B,F4,'JUEZ 5'!G:G,"error") + COUNTIFS('JUEZ 6'!B:B,F4,'JUEZ 6'!G:G,"error") + COUNTIFS('JUEZ 7'!B:B,F4,'JUEZ 7'!G:G,"error") + COUNTIFS('JUEZ 8'!B:B,F4,'JUEZ 8'!G:G,"error")+ COUNTIFS('JUEZ 9'!B:B,F4,'JUEZ 9'!G:G,"error")+ COUNTIFS('JUEZ 10'!B:B,F4,'JUEZ 10'!G:G,"error")+ COUNTIFS('JUEZ 11'!B:B,F4,'JUEZ 11'!G:G,"error") -> 0 | K4: =COUNTIFS('JUEZ 1'!B:B,F4,'JUEZ 1'!G:G,"OK") + COUNTIFS('JUEZ 2'!B:B,F4,'JUEZ 2'!G:G,"OK") + COUNTIFS('JUEZ 3'!B:B,F4,'JUEZ 3'!G:G,"OK") + COUNTIFS('JUEZ 4'!B:B,F4,'JUEZ 4'!G:G,"OK") + COUNTIFS('JUEZ 5'!B:B,F4,'JUEZ 5'!G:G,"OK") + COUNTIFS('JUEZ 6'!B:B,F4,'JUEZ 6'!G:G,"OK") + COUNTIFS('JUEZ 7'!B:B,F4,'JUEZ 7'!G:G,"OK") + COUNTIFS('JUEZ 8'!B:B,F4,'JUEZ 8'!G:G,"OK")+ COUNTIFS('JUEZ 9'!B:B,F4,'JUEZ 9'!G:G,"OK") + COUNTIFS('JUEZ 10'!B:B,F4,'JUEZ 10'!G:G,"OK") + COUNTIFS('JUEZ 11'!B:B,F4,'JUEZ 11'!G:G,"OK") -> 11
B5: ROUNDS: | D5: =COUNTA(G4:G13) -> 10 | F5: 2 | G5: 10 | H5: 9 | J5: =COUNTIFS('JUEZ 1'!B:B,F5,'JUEZ 1'!G:G,"error") + COUNTIFS('JUEZ 2'!B:B,F5,'JUEZ 2'!G:G,"error") + COUNTIFS('JUEZ 3'!B:B,F5,'JUEZ 3'!G:G,"error") + COUNTIFS('JUEZ 4'!B:B,F5,'JUEZ 4'!G:G,"error") + COUNTIFS('JUEZ 5'!B:B,F5,'JUEZ 5'!G:G,"error") + COUNTIFS('JUEZ 6'!B:B,F5,'JUEZ 6'!G:G,"error") + COUNTIFS('JUEZ 7'!B:B,F5,'JUEZ 7'!G:G,"error") + COUNTIFS('JUEZ 8'!B:B,F5,'JUEZ 8'!G:G,"error")+ COUNTIFS('JUEZ 9'!B:B,F5,'JUEZ 9'!G:G,"error")+ COUNTIFS('JUEZ 10'!B:B,F5,'JUEZ 10'!G:G,"error")+ COUNTIFS('JUEZ 11'!B:B,F5,'JUEZ 11'!G:G,"error") -> 0 | K5: =COUNTIFS('JUEZ 1'!B:B,F5,'JUEZ 1'!G:G,"OK") + COUNTIFS('JUEZ 2'!B:B,F5,'JUEZ 2'!G:G,"OK") + COUNTIFS('JUEZ 3'!B:B,F5,'JUEZ 3'!G:G,"OK") + COUNTIFS('JUEZ 4'!B:B,F5,'JUEZ 4'!G:G,"OK") + COUNTIFS('JUEZ 5'!B:B,F5,'JUEZ 5'!G:G,"OK") + COUNTIFS('JUEZ 6'!B:B,F5,'JUEZ 6'!G:G,"OK") + COUNTIFS('JUEZ 7'!B:B,F5,'JUEZ 7'!G:G,"OK") + COUNTIFS('JUEZ 8'!B:B,F5,'JUEZ 8'!G:G,"OK")+ COUNTIFS('JUEZ 9'!B:B,F5,'JUEZ 9'!G:G,"OK") + COUNTIFS('JUEZ 10'!B:B,F5,'JUEZ 10'!G:G,"OK") + COUNTIFS('JUEZ 11'!B:B,F5,'JUEZ 11'!G:G,"OK") -> 11 | M5: =G3 -> MANZUR | N5: =IF(AND('JUEZ 1'!C4=10,'JUEZ 2'!C4=10,'JUEZ 3'!C4=10),B17,"") -> 1 | O5: =IF(AND('JUEZ 1'!C5=10,'JUEZ 2'!C5=10,'JUEZ 3'!C5=10),B18,"") -> 2 | P5: =IF(AND('JUEZ 1'!C6=10,'JUEZ 2'!C6=10,'JUEZ 3'!C6=10),B19,"") -> 3 | Q5: =IF(AND('JUEZ 1'!C7=10,'JUEZ 2'!C7=10,'JUEZ 3'!C7=10),B20,"") | R5: =IF(AND('JUEZ 1'!C8=10,'JUEZ 2'!C8=10,'JUEZ 3'!C8=10),B21,"") | S5: =IF(AND('JUEZ 1'!C9=10,'JUEZ 2'!C9=10,'JUEZ 3'!C9=10),B22,"") -> 6 | T5: =IF(AND('JUEZ 1'!C10=10,'JUEZ 2'!C10=10,'JUEZ 3'!C10=10),B23,"") -> 7 | U5: =IF(AND('JUEZ 1'!C11=10,'JUEZ 2'!C11=10,'JUEZ 3'!C11=10),B24,"") -> 8 | V5: =IF(AND('JUEZ 1'!C12=10,'JUEZ 2'!C12=10,'JUEZ 3'!C12=10),B25,"") | W5: =IF(AND('JUEZ 1'!C13=10,'JUEZ 2'!C13=10,'JUEZ 3'!C13=10),B26,"") -> 10 | Y5: =G3 -> MANZUR | Z5: =IF(AND('JUEZ 4'!C4=10,'JUEZ 5'!C4=10,'JUEZ 6'!C4=10,'JUEZ 7'!C4=10,'JUEZ 8'!C4=10,'JUEZ 9'!C4=10,'JUEZ 10'!C4=10,'JUEZ 11'!C4=10),B17,"") -> 1 | AA5: =IF(AND('JUEZ 4'!C5=10,'JUEZ 5'!C5=10,'JUEZ 6'!C5=10,'JUEZ 7'!C5=10,'JUEZ 8'!C5=10,'JUEZ 9'!C5=10,'JUEZ 10'!C5=10,'JUEZ 11'!C5=10),B18,"") -> 2 | AB5: =IF(AND('JUEZ 4'!C6=10,'JUEZ 5'!C6=10,'JUEZ 6'!C6=10,'JUEZ 7'!C6=10,'JUEZ 8'!C6=10,'JUEZ 9'!C6=10,'JUEZ 10'!C6=10,'JUEZ 11'!C6=10),B19,"") -> 3 | AC5: =IF(AND('JUEZ 4'!C7=10,'JUEZ 5'!C7=10,'JUEZ 6'!C7=10,'JUEZ 7'!C7=10,'JUEZ 8'!C7=10,'JUEZ 9'!C7=10,'JUEZ 10'!C7=10,'JUEZ 11'!C7=10),B20,"") | AD5: =IF(AND('JUEZ 4'!C8=10,'JUEZ 5'!C8=10,'JUEZ 6'!C8=10,'JUEZ 7'!C8=10,'JUEZ 8'!C8=10,'JUEZ 9'!C8=10,'JUEZ 10'!C8=10,'JUEZ 11'!C8=10),B21,"") | AE5: =IF(AND('JUEZ 4'!C9=10,'JUEZ 5'!C9=10,'JUEZ 6'!C9=10,'JUEZ 7'!C9=10,'JUEZ 8'!C9=10,'JUEZ 9'!C9=10,'JUEZ 10'!C9=10,'JUEZ 11'!C9=10),B22,"") -> 6 | AF5: =IF(AND('JUEZ 4'!C10=10,'JUEZ 5'!C10=10,'JUEZ 6'!C10=10,'JUEZ 7'!C10=10,'JUEZ 8'!C10=10,'JUEZ 9'!C10=10,'JUEZ 10'!C10=10,'JUEZ 11'!C10=10),B23,"") -> 7 | AG5: =IF(AND('JUEZ 4'!C11=10,'JUEZ 5'!C11=10,'JUEZ 6'!C11=10,'JUEZ 7'!C11=10,'JUEZ 8'!C11=10,'JUEZ 9'!C11=10,'JUEZ 10'!C11=10,'JUEZ 11'!C11=10),B24,"") -> 8 | AH5: =IF(AND('JUEZ 4'!C12=10,'JUEZ 5'!C12=10,'JUEZ 6'!C12=10,'JUEZ 7'!C12=10,'JUEZ 8'!C12=10,'JUEZ 9'!C12=10,'JUEZ 10'!C12=10,'JUEZ 11'!C12=10),B25,"") | AI5: =IF(AND('JUEZ 4'!C13=10,'JUEZ 5'!C13=10,'JUEZ 6'!C13=10,'JUEZ 7'!C13=10,'JUEZ 8'!C13=10,'JUEZ 9'!C13=10,'JUEZ 10'!C13=10,'JUEZ 11'!C13=10),B26,"") -> 10
B6: ROUNDS OK | D6: =COUNTIF('JUEZ 1'!G4:G13,"OK") + COUNTIF('JUEZ 2'!G4:G13,"OK") + COUNTIF('JUEZ 3'!G4:G13,"OK") + COUNTIF('JUEZ 4'!G4:G13,"OK") + COUNTIF('JUEZ 5'!G4:G13,"OK") + COUNTIF('JUEZ 6'!G4:G13,"OK") + COUNTIF('JUEZ 7'!G4:G13,"OK") + COUNTIF('JUEZ 8'!G4:G13,"OK")+ COUNTIF('JUEZ 9'!G4:G13,"OK")+ COUNTIF('JUEZ 10'!G4:G13,"OK")+ COUNTIF('JUEZ 11'!G4:G13,"OK") -> 102 | F6: 3 | G6: 10 | H6: 9 | J6: =COUNTIFS('JUEZ 1'!B:B,F6,'JUEZ 1'!G:G,"error") + COUNTIFS('JUEZ 2'!B:B,F6,'JUEZ 2'!G:G,"error") + COUNTIFS('JUEZ 3'!B:B,F6,'JUEZ 3'!G:G,"error") + COUNTIFS('JUEZ 4'!B:B,F6,'JUEZ 4'!G:G,"error") + COUNTIFS('JUEZ 5'!B:B,F6,'JUEZ 5'!G:G,"error") + COUNTIFS('JUEZ 6'!B:B,F6,'JUEZ 6'!G:G,"error") + COUNTIFS('JUEZ 7'!B:B,F6,'JUEZ 7'!G:G,"error") + COUNTIFS('JUEZ 8'!B:B,F6,'JUEZ 8'!G:G,"error")+ COUNTIFS('JUEZ 9'!B:B,F6,'JUEZ 9'!G:G,"error")+ COUNTIFS('JUEZ 10'!B:B,F6,'JUEZ 10'!G:G,"error")+ COUNTIFS('JUEZ 11'!B:B,F6,'JUEZ 11'!G:G,"error") -> 0 | K6: =COUNTIFS('JUEZ 1'!B:B,F6,'JUEZ 1'!G:G,"OK") + COUNTIFS('JUEZ 2'!B:B,F6,'JUEZ 2'!G:G,"OK") + COUNTIFS('JUEZ 3'!B:B,F6,'JUEZ 3'!G:G,"OK") + COUNTIFS('JUEZ 4'!B:B,F6,'JUEZ 4'!G:G,"OK") + COUNTIFS('JUEZ 5'!B:B,F6,'JUEZ 5'!G:G,"OK") + COUNTIFS('JUEZ 6'!B:B,F6,'JUEZ 6'!G:G,"OK") + COUNTIFS('JUEZ 7'!B:B,F6,'JUEZ 7'!G:G,"OK") + COUNTIFS('JUEZ 8'!B:B,F6,'JUEZ 8'!G:G,"OK")+ COUNTIFS('JUEZ 9'!B:B,F6,'JUEZ 9'!G:G,"OK") + COUNTIFS('JUEZ 10'!B:B,F6,'JUEZ 10'!G:G,"OK") + COUNTIFS('JUEZ 11'!B:B,F6,'JUEZ 11'!G:G,"OK") -> 11 | M6: =H3 -> ERLIN | N6: =IF(AND('JUEZ 1'!D4=10,'JUEZ 2'!D4=10,'JUEZ 3'!D4=10),B17,"") | O6: =IF(AND('JUEZ 1'!D5=10,'JUEZ 2'!D5=10,'JUEZ 3'!D5=10),B18,"") | P6: =IF(AND('JUEZ 1'!D6=10,'JUEZ 2'!D6=10,'JUEZ 3'!D6=10),B19,"") | Q6: =IF(AND('JUEZ 1'!D7=10,'JUEZ 2'!D7=10,'JUEZ 3'!D7=10),B20,"") | R6: =IF(AND('JUEZ 1'!D8=10,'JUEZ 2'!D8=10,'JUEZ 3'!D8=10),B21,"") | S6: =IF(AND('JUEZ 1'!D9=10,'JUEZ 2'!D9=10,'JUEZ 3'!D9=10),B22,"") | T6: =IF(AND('JUEZ 1'!D10=10,'JUEZ 2'!D10=10,'JUEZ 3'!D10=10),B23,"") | U6: =IF(AND('JUEZ 1'!D11=10,'JUEZ 2'!D11=10,'JUEZ 3'!D11=10),B24,"") | V6: =IF(AND('JUEZ 1'!D12=10,'JUEZ 2'!D12=10,'JUEZ 3'!D12=10),B25,"") | W6: =IF(AND('JUEZ 1'!D13=10,'JUEZ 2'!D13=10,'JUEZ 3'!D13=10),B26,"") | Y6: =H3 -> ERLIN | Z6: =IF(AND('JUEZ 4'!D4=10,'JUEZ 5'!D4=10,'JUEZ 6'!D4=10,'JUEZ 7'!D4=10,'JUEZ 8'!D4=10,'JUEZ 9'!D4=10,'JUEZ 10'!D4=10,'JUEZ 11'!D4=10),B17,"") | AA6: =IF(AND('JUEZ 4'!D5=10,'JUEZ 5'!D5=10,'JUEZ 6'!D5=10,'JUEZ 7'!D5=10,'JUEZ 8'!D5=10,'JUEZ 9'!D5=10,'JUEZ 10'!D5=10,'JUEZ 11'!D5=10),B18,"") | AB6: =IF(AND('JUEZ 4'!D6=10,'JUEZ 5'!D6=10,'JUEZ 6'!D6=10,'JUEZ 7'!D6=10,'JUEZ 8'!D6=10,'JUEZ 9'!D6=10,'JUEZ 10'!D6=10,'JUEZ 11'!D6=10),B19,"") | AC6: =IF(AND('JUEZ 4'!D7=10,'JUEZ 5'!D7=10,'JUEZ 6'!D7=10,'JUEZ 7'!D7=10,'JUEZ 8'!D7=10,'JUEZ 9'!D7=10,'JUEZ 10'!D7=10,'JUEZ 11'!D7=10),B20,"") | AD6: =IF(AND('JUEZ 4'!D8=10,'JUEZ 5'!D8=10,'JUEZ 6'!D8=10,'JUEZ 7'!D8=10,'JUEZ 8'!D8=10,'JUEZ 9'!D8=10,'JUEZ 10'!D8=10,'JUEZ 11'!D8=10),B21,"") | AE6: =IF(AND('JUEZ 4'!D9=10,'JUEZ 5'!D9=10,'JUEZ 6'!D9=10,'JUEZ 7'!D9=10,'JUEZ 8'!D9=10,'JUEZ 9'!D9=10,'JUEZ 10'!D9=10,'JUEZ 11'!D9=10),B22,"") | AF6: =IF(AND('JUEZ 4'!D10=10,'JUEZ 5'!D10=10,'JUEZ 6'!D10=10,'JUEZ 7'!D10=10,'JUEZ 8'!D10=10,'JUEZ 9'!D10=10,'JUEZ 10'!D10=10,'JUEZ 11'!D10=10),B23,"") | AG6: =IF(AND('JUEZ 4'!D11=10,'JUEZ 5'!D11=10,'JUEZ 6'!D11=10,'JUEZ 7'!D11=10,'JUEZ 8'!D11=10,'JUEZ 9'!D11=10,'JUEZ 10'!D11=10,'JUEZ 11'!D11=10),B24,"") | AH6: =IF(AND('JUEZ 4'!D12=10,'JUEZ 5'!D12=10,'JUEZ 6'!D12=10,'JUEZ 7'!D12=10,'JUEZ 8'!D12=10,'JUEZ 9'!D12=10,'JUEZ 10'!D12=10,'JUEZ 11'!D12=10),B25,"") | AI6: =IF(AND('JUEZ 4'!D13=10,'JUEZ 5'!D13=10,'JUEZ 6'!D13=10,'JUEZ 7'!D13=10,'JUEZ 8'!D13=10,'JUEZ 9'!D13=10,'JUEZ 10'!D13=10,'JUEZ 11'!D13=10),B26,"")
B7: ROUNDS ERROR | D7: =COUNTIF('JUEZ 1'!G4:G13,"ERROR") + COUNTIF('JUEZ 2'!G4:G13,"ERROR") + COUNTIF('JUEZ 3'!G4:G13,"ERROR") + COUNTIF('JUEZ 4'!G4:G13,"ERROR") + COUNTIF('JUEZ 5'!G4:G13,"ERROR") + COUNTIF('JUEZ 6'!G4:G13,"ERROR") + COUNTIF('JUEZ 7'!G4:G13,"ERROR") + COUNTIF('JUEZ 8'!G4:G13,"ERROR")+ COUNTIF('JUEZ 9'!G4:G13,"ERROR")+ COUNTIF('JUEZ 10'!G4:G13,"ERROR")+ COUNTIF('JUEZ 11'!G4:G13,"ERROR") -> 8 | F7: 4 | G7: 9 | H7: 10 | J7: =COUNTIFS('JUEZ 1'!B:B,F7,'JUEZ 1'!G:G,"error") + COUNTIFS('JUEZ 2'!B:B,F7,'JUEZ 2'!G:G,"error") + COUNTIFS('JUEZ 3'!B:B,F7,'JUEZ 3'!G:G,"error") + COUNTIFS('JUEZ 4'!B:B,F7,'JUEZ 4'!G:G,"error") + COUNTIFS('JUEZ 5'!B:B,F7,'JUEZ 5'!G:G,"error") + COUNTIFS('JUEZ 6'!B:B,F7,'JUEZ 6'!G:G,"error") + COUNTIFS('JUEZ 7'!B:B,F7,'JUEZ 7'!G:G,"error") + COUNTIFS('JUEZ 8'!B:B,F7,'JUEZ 8'!G:G,"error")+ COUNTIFS('JUEZ 9'!B:B,F7,'JUEZ 9'!G:G,"error")+ COUNTIFS('JUEZ 10'!B:B,F7,'JUEZ 10'!G:G,"error")+ COUNTIFS('JUEZ 11'!B:B,F7,'JUEZ 11'!G:G,"error") -> 3 | K7: =COUNTIFS('JUEZ 1'!B:B,F7,'JUEZ 1'!G:G,"OK") + COUNTIFS('JUEZ 2'!B:B,F7,'JUEZ 2'!G:G,"OK") + COUNTIFS('JUEZ 3'!B:B,F7,'JUEZ 3'!G:G,"OK") + COUNTIFS('JUEZ 4'!B:B,F7,'JUEZ 4'!G:G,"OK") + COUNTIFS('JUEZ 5'!B:B,F7,'JUEZ 5'!G:G,"OK") + COUNTIFS('JUEZ 6'!B:B,F7,'JUEZ 6'!G:G,"OK") + COUNTIFS('JUEZ 7'!B:B,F7,'JUEZ 7'!G:G,"OK") + COUNTIFS('JUEZ 8'!B:B,F7,'JUEZ 8'!G:G,"OK")+ COUNTIFS('JUEZ 9'!B:B,F7,'JUEZ 9'!G:G,"OK") + COUNTIFS('JUEZ 10'!B:B,F7,'JUEZ 10'!G:G,"OK") + COUNTIFS('JUEZ 11'!B:B,F7,'JUEZ 11'!G:G,"OK") -> 8
B8: PELEA OK | D8: =COUNTIF('JUEZ 1'!G4:G14,"OKPELEA") + COUNTIF('JUEZ 2'!G4:G14,"OKPELEA") + COUNTIF('JUEZ 3'!G4:G14,"OKPELEA") + COUNTIF('JUEZ 4'!G4:G14,"OKPELEA") + COUNTIF('JUEZ 5'!G4:G14,"OKPELEA") + COUNTIF('JUEZ 6'!G4:G14,"OKPELEA") + COUNTIF('JUEZ 7'!G4:G14,"OKPELEA") + COUNTIF('JUEZ 8'!G4:G14,"OKPELEA") + COUNTIF('JUEZ 9'!G4:G14,"OKPELEA") + COUNTIF('JUEZ 10'!G4:G14,"OKPELEA")+ COUNTIF('JUEZ 11'!G4:G14,"OKPELEA") -> 6 | F8: 5 | G8: 9 | H8: 10 | J8: =COUNTIFS('JUEZ 1'!B:B,F8,'JUEZ 1'!G:G,"error") + COUNTIFS('JUEZ 2'!B:B,F8,'JUEZ 2'!G:G,"error") + COUNTIFS('JUEZ 3'!B:B,F8,'JUEZ 3'!G:G,"error") + COUNTIFS('JUEZ 4'!B:B,F8,'JUEZ 4'!G:G,"error") + COUNTIFS('JUEZ 5'!B:B,F8,'JUEZ 5'!G:G,"error") + COUNTIFS('JUEZ 6'!B:B,F8,'JUEZ 6'!G:G,"error") + COUNTIFS('JUEZ 7'!B:B,F8,'JUEZ 7'!G:G,"error") + COUNTIFS('JUEZ 8'!B:B,F8,'JUEZ 8'!G:G,"error")+ COUNTIFS('JUEZ 9'!B:B,F8,'JUEZ 9'!G:G,"error")+ COUNTIFS('JUEZ 10'!B:B,F8,'JUEZ 10'!G:G,"error")+ COUNTIFS('JUEZ 11'!B:B,F8,'JUEZ 11'!G:G,"error") -> 3 | K8: =COUNTIFS('JUEZ 1'!B:B,F8,'JUEZ 1'!G:G,"OK") + COUNTIFS('JUEZ 2'!B:B,F8,'JUEZ 2'!G:G,"OK") + COUNTIFS('JUEZ 3'!B:B,F8,'JUEZ 3'!G:G,"OK") + COUNTIFS('JUEZ 4'!B:B,F8,'JUEZ 4'!G:G,"OK") + COUNTIFS('JUEZ 5'!B:B,F8,'JUEZ 5'!G:G,"OK") + COUNTIFS('JUEZ 6'!B:B,F8,'JUEZ 6'!G:G,"OK") + COUNTIFS('JUEZ 7'!B:B,F8,'JUEZ 7'!G:G,"OK") + COUNTIFS('JUEZ 8'!B:B,F8,'JUEZ 8'!G:G,"OK")+ COUNTIFS('JUEZ 9'!B:B,F8,'JUEZ 9'!G:G,"OK") + COUNTIFS('JUEZ 10'!B:B,F8,'JUEZ 10'!G:G,"OK") + COUNTIFS('JUEZ 11'!B:B,F8,'JUEZ 11'!G:G,"OK") -> 8 | N8: TOTAL ROUNDS MISMO GANADOR (OFICIAL) | Z8: TOTAL ROUNDS MISMO GANADOR (REVISION)
B9: ERROR PELEA | D9: =COUNTIF('JUEZ 1'!G4:G14,"ERRORPELEA") + COUNTIF('JUEZ 2'!G4:G14,"ERRORPELEA") + COUNTIF('JUEZ 3'!G4:G14,"ERRORPELEA") + COUNTIF('JUEZ 4'!G4:G14,"ERRORPELEA") + COUNTIF('JUEZ 5'!G4:G14,"ERRORPELEA") + COUNTIF('JUEZ 6'!G4:G14,"ERRORPELEA") + COUNTIF('JUEZ 7'!G4:G14,"ERRORPELEA") + COUNTIF('JUEZ 8'!G4:G14,"ERRORPELEA") + COUNTIF('JUEZ 9'!G4:G14,"ERRORPELEA") + COUNTIF('JUEZ 10'!G4:G14,"ERRORPELEA")+ COUNTIF('JUEZ 11'!G4:G14,"ERRORPELEA") -> 5 | F9: 6 | G9: 10 | H9: 9 | J9: =COUNTIFS('JUEZ 1'!B:B,F9,'JUEZ 1'!G:G,"error") + COUNTIFS('JUEZ 2'!B:B,F9,'JUEZ 2'!G:G,"error") + COUNTIFS('JUEZ 3'!B:B,F9,'JUEZ 3'!G:G,"error") + COUNTIFS('JUEZ 4'!B:B,F9,'JUEZ 4'!G:G,"error") + COUNTIFS('JUEZ 5'!B:B,F9,'JUEZ 5'!G:G,"error") + COUNTIFS('JUEZ 6'!B:B,F9,'JUEZ 6'!G:G,"error") + COUNTIFS('JUEZ 7'!B:B,F9,'JUEZ 7'!G:G,"error") + COUNTIFS('JUEZ 8'!B:B,F9,'JUEZ 8'!G:G,"error")+ COUNTIFS('JUEZ 9'!B:B,F9,'JUEZ 9'!G:G,"error")+ COUNTIFS('JUEZ 10'!B:B,F9,'JUEZ 10'!G:G,"error")+ COUNTIFS('JUEZ 11'!B:B,F9,'JUEZ 11'!G:G,"error") -> 0 | K9: =COUNTIFS('JUEZ 1'!B:B,F9,'JUEZ 1'!G:G,"OK") + COUNTIFS('JUEZ 2'!B:B,F9,'JUEZ 2'!G:G,"OK") + COUNTIFS('JUEZ 3'!B:B,F9,'JUEZ 3'!G:G,"OK") + COUNTIFS('JUEZ 4'!B:B,F9,'JUEZ 4'!G:G,"OK") + COUNTIFS('JUEZ 5'!B:B,F9,'JUEZ 5'!G:G,"OK") + COUNTIFS('JUEZ 6'!B:B,F9,'JUEZ 6'!G:G,"OK") + COUNTIFS('JUEZ 7'!B:B,F9,'JUEZ 7'!G:G,"OK") + COUNTIFS('JUEZ 8'!B:B,F9,'JUEZ 8'!G:G,"OK")+ COUNTIFS('JUEZ 9'!B:B,F9,'JUEZ 9'!G:G,"OK") + COUNTIFS('JUEZ 10'!B:B,F9,'JUEZ 10'!G:G,"OK") + COUNTIFS('JUEZ 11'!B:B,F9,'JUEZ 11'!G:G,"OK") -> 11
F10: 7 | G10: 10 | H10: 9 | J10: =COUNTIFS('JUEZ 1'!B:B,F10,'JUEZ 1'!G:G,"error") + COUNTIFS('JUEZ 2'!B:B,F10,'JUEZ 2'!G:G,"error") + COUNTIFS('JUEZ 3'!B:B,F10,'JUEZ 3'!G:G,"error") + COUNTIFS('JUEZ 4'!B:B,F10,'JUEZ 4'!G:G,"error") + COUNTIFS('JUEZ 5'!B:B,F10,'JUEZ 5'!G:G,"error") + COUNTIFS('JUEZ 6'!B:B,F10,'JUEZ 6'!G:G,"error") + COUNTIFS('JUEZ 7'!B:B,F10,'JUEZ 7'!G:G,"error") + COUNTIFS('JUEZ 8'!B:B,F10,'JUEZ 8'!G:G,"error")+ COUNTIFS('JUEZ 9'!B:B,F10,'JUEZ 9'!G:G,"error")+ COUNTIFS('JUEZ 10'!B:B,F10,'JUEZ 10'!G:G,"error")+ COUNTIFS('JUEZ 11'!B:B,F10,'JUEZ 11'!G:G,"error") -> 0 | K10: =COUNTIFS('JUEZ 1'!B:B,F10,'JUEZ 1'!G:G,"OK") + COUNTIFS('JUEZ 2'!B:B,F10,'JUEZ 2'!G:G,"OK") + COUNTIFS('JUEZ 3'!B:B,F10,'JUEZ 3'!G:G,"OK") + COUNTIFS('JUEZ 4'!B:B,F10,'JUEZ 4'!G:G,"OK") + COUNTIFS('JUEZ 5'!B:B,F10,'JUEZ 5'!G:G,"OK") + COUNTIFS('JUEZ 6'!B:B,F10,'JUEZ 6'!G:G,"OK") + COUNTIFS('JUEZ 7'!B:B,F10,'JUEZ 7'!G:G,"OK") + COUNTIFS('JUEZ 8'!B:B,F10,'JUEZ 8'!G:G,"OK")+ COUNTIFS('JUEZ 9'!B:B,F10,'JUEZ 9'!G:G,"OK") + COUNTIFS('JUEZ 10'!B:B,F10,'JUEZ 10'!G:G,"OK") + COUNTIFS('JUEZ 11'!B:B,F10,'JUEZ 11'!G:G,"OK") -> 11 | M10: =G3 -> MANZUR | N10: =COUNT(N5:W5) -> 7 | Y10: =G3 -> MANZUR | Z10: =COUNT(Z5:AI5) -> 7
F11: 8 | G11: 10 | H11: 9 | J11: =COUNTIFS('JUEZ 1'!B:B,F11,'JUEZ 1'!G:G,"error") + COUNTIFS('JUEZ 2'!B:B,F11,'JUEZ 2'!G:G,"error") + COUNTIFS('JUEZ 3'!B:B,F11,'JUEZ 3'!G:G,"error") + COUNTIFS('JUEZ 4'!B:B,F11,'JUEZ 4'!G:G,"error") + COUNTIFS('JUEZ 5'!B:B,F11,'JUEZ 5'!G:G,"error") + COUNTIFS('JUEZ 6'!B:B,F11,'JUEZ 6'!G:G,"error") + COUNTIFS('JUEZ 7'!B:B,F11,'JUEZ 7'!G:G,"error") + COUNTIFS('JUEZ 8'!B:B,F11,'JUEZ 8'!G:G,"error")+ COUNTIFS('JUEZ 9'!B:B,F11,'JUEZ 9'!G:G,"error")+ COUNTIFS('JUEZ 10'!B:B,F11,'JUEZ 10'!G:G,"error")+ COUNTIFS('JUEZ 11'!B:B,F11,'JUEZ 11'!G:G,"error") -> 0 | K11: =COUNTIFS('JUEZ 1'!B:B,F11,'JUEZ 1'!G:G,"OK") + COUNTIFS('JUEZ 2'!B:B,F11,'JUEZ 2'!G:G,"OK") + COUNTIFS('JUEZ 3'!B:B,F11,'JUEZ 3'!G:G,"OK") + COUNTIFS('JUEZ 4'!B:B,F11,'JUEZ 4'!G:G,"OK") + COUNTIFS('JUEZ 5'!B:B,F11,'JUEZ 5'!G:G,"OK") + COUNTIFS('JUEZ 6'!B:B,F11,'JUEZ 6'!G:G,"OK") + COUNTIFS('JUEZ 7'!B:B,F11,'JUEZ 7'!G:G,"OK") + COUNTIFS('JUEZ 8'!B:B,F11,'JUEZ 8'!G:G,"OK")+ COUNTIFS('JUEZ 9'!B:B,F11,'JUEZ 9'!G:G,"OK") + COUNTIFS('JUEZ 10'!B:B,F11,'JUEZ 10'!G:G,"OK") + COUNTIFS('JUEZ 11'!B:B,F11,'JUEZ 11'!G:G,"OK") -> 11 | M11: =H3 -> ERLIN | N11: =COUNT(N6:W6) -> 0 | Y11: =H3 -> ERLIN | Z11: =COUNT(Z6:AI6) -> 0
F12: 9 | G12: 10 | H12: 9 | J12: =COUNTIFS('JUEZ 1'!B:B,F12,'JUEZ 1'!G:G,"error") + COUNTIFS('JUEZ 2'!B:B,F12,'JUEZ 2'!G:G,"error") + COUNTIFS('JUEZ 3'!B:B,F12,'JUEZ 3'!G:G,"error") + COUNTIFS('JUEZ 4'!B:B,F12,'JUEZ 4'!G:G,"error") + COUNTIFS('JUEZ 5'!B:B,F12,'JUEZ 5'!G:G,"error") + COUNTIFS('JUEZ 6'!B:B,F12,'JUEZ 6'!G:G,"error") + COUNTIFS('JUEZ 7'!B:B,F12,'JUEZ 7'!G:G,"error") + COUNTIFS('JUEZ 8'!B:B,F12,'JUEZ 8'!G:G,"error")+ COUNTIFS('JUEZ 9'!B:B,F12,'JUEZ 9'!G:G,"error")+ COUNTIFS('JUEZ 10'!B:B,F12,'JUEZ 10'!G:G,"error")+ COUNTIFS('JUEZ 11'!B:B,F12,'JUEZ 11'!G:G,"error") -> 2 | K12: =COUNTIFS('JUEZ 1'!B:B,F12,'JUEZ 1'!G:G,"OK") + COUNTIFS('JUEZ 2'!B:B,F12,'JUEZ 2'!G:G,"OK") + COUNTIFS('JUEZ 3'!B:B,F12,'JUEZ 3'!G:G,"OK") + COUNTIFS('JUEZ 4'!B:B,F12,'JUEZ 4'!G:G,"OK") + COUNTIFS('JUEZ 5'!B:B,F12,'JUEZ 5'!G:G,"OK") + COUNTIFS('JUEZ 6'!B:B,F12,'JUEZ 6'!G:G,"OK") + COUNTIFS('JUEZ 7'!B:B,F12,'JUEZ 7'!G:G,"OK") + COUNTIFS('JUEZ 8'!B:B,F12,'JUEZ 8'!G:G,"OK")+ COUNTIFS('JUEZ 9'!B:B,F12,'JUEZ 9'!G:G,"OK") + COUNTIFS('JUEZ 10'!B:B,F12,'JUEZ 10'!G:G,"OK") + COUNTIFS('JUEZ 11'!B:B,F12,'JUEZ 11'!G:G,"OK") -> 9
F13: 10 | G13: 10 | H13: 9 | J13: =COUNTIFS('JUEZ 1'!B:B,F13,'JUEZ 1'!G:G,"error") + COUNTIFS('JUEZ 2'!B:B,F13,'JUEZ 2'!G:G,"error") + COUNTIFS('JUEZ 3'!B:B,F13,'JUEZ 3'!G:G,"error") + COUNTIFS('JUEZ 4'!B:B,F13,'JUEZ 4'!G:G,"error") + COUNTIFS('JUEZ 5'!B:B,F13,'JUEZ 5'!G:G,"error") + COUNTIFS('JUEZ 6'!B:B,F13,'JUEZ 6'!G:G,"error") + COUNTIFS('JUEZ 7'!B:B,F13,'JUEZ 7'!G:G,"error") + COUNTIFS('JUEZ 8'!B:B,F13,'JUEZ 8'!G:G,"error")+ COUNTIFS('JUEZ 9'!B:B,F13,'JUEZ 9'!G:G,"error")+ COUNTIFS('JUEZ 10'!B:B,F13,'JUEZ 10'!G:G,"error")+ COUNTIFS('JUEZ 11'!B:B,F13,'JUEZ 11'!G:G,"error") -> 0 | K13: =COUNTIFS('JUEZ 1'!B:B,F13,'JUEZ 1'!G:G,"OK") + COUNTIFS('JUEZ 2'!B:B,F13,'JUEZ 2'!G:G,"OK") + COUNTIFS('JUEZ 3'!B:B,F13,'JUEZ 3'!G:G,"OK") + COUNTIFS('JUEZ 4'!B:B,F13,'JUEZ 4'!G:G,"OK") + COUNTIFS('JUEZ 5'!B:B,F13,'JUEZ 5'!G:G,"OK") + COUNTIFS('JUEZ 6'!B:B,F13,'JUEZ 6'!G:G,"OK") + COUNTIFS('JUEZ 7'!B:B,F13,'JUEZ 7'!G:G,"OK") + COUNTIFS('JUEZ 8'!B:B,F13,'JUEZ 8'!G:G,"OK")+ COUNTIFS('JUEZ 9'!B:B,F13,'JUEZ 9'!G:G,"OK") + COUNTIFS('JUEZ 10'!B:B,F13,'JUEZ 10'!G:G,"OK") + COUNTIFS('JUEZ 11'!B:B,F13,'JUEZ 11'!G:G,"OK") -> 11
F14: TOTAL | G14: =SUM(G4:G13) -> 98 | H14: =SUM(H4:H13) -> 92
B16: # | C16: ='JUEZ 1'!B3 -> HERRERA | D16: ='JUEZ 2'!B3 -> ALARCON | E16: ='JUEZ 3'!B3 -> NAMEN | G16: ='JUEZ 4'!B3 -> FANUCCHI | H16: ='JUEZ 5'!B3 -> BOPP | I16: ='JUEZ 6'!B3 -> VALERA | K16: ='JUEZ 7'!B3 -> IRUSTA | L16: ='JUEZ 8'!B3 -> ALANCAY | N16: ='JUEZ 9'!B3 -> IANOVSKY | S16: ='JUEZ 10'!B3 -> MAYORQUIM | Y16: ='JUEZ 11'!B3 -> VALERA
B17: 1 | C17: ='JUEZ 1'!G4 -> OK | D17: ='JUEZ 2'!G4 -> OK | E17: ='JUEZ 3'!G4 -> OK | G17: ='JUEZ 4'!G4 -> OK | H17: ='JUEZ 5'!G4 -> OK | I17: ='JUEZ 6'!G4 -> OK | K17: ='JUEZ 7'!G4 -> OK | L17: ='JUEZ 8'!G4 -> OK | N17: ='JUEZ 9'!G4 -> OK | S17: ='JUEZ 10'!G4 -> OK | Y17: ='JUEZ 11'!G4 -> OK
B18: 2 | C18: ='JUEZ 1'!G5 -> OK | D18: ='JUEZ 2'!G5 -> OK | E18: ='JUEZ 3'!G5 -> OK | G18: ='JUEZ 4'!G5 -> OK | H18: ='JUEZ 5'!G5 -> OK | I18: ='JUEZ 6'!G5 -> OK | K18: ='JUEZ 7'!G5 -> OK | L18: ='JUEZ 8'!G5 -> OK | N18: ='JUEZ 9'!G5 -> OK | S18: ='JUEZ 10'!G5 -> OK | Y18: ='JUEZ 11'!G5 -> OK
B19: 3 | C19: ='JUEZ 1'!G6 -> OK | D19: ='JUEZ 2'!G6 -> OK | E19: ='JUEZ 3'!G6 -> OK | G19: ='JUEZ 4'!G6 -> OK | H19: ='JUEZ 5'!G6 -> OK | I19: ='JUEZ 6'!G6 -> OK | K19: ='JUEZ 7'!G6 -> OK | L19: ='JUEZ 8'!G6 -> OK | N19: ='JUEZ 9'!G6 -> OK | S19: ='JUEZ 10'!G6 -> OK | Y19: ='JUEZ 11'!G6 -> OK
B20: 4 | C20: ='JUEZ 1'!G7 -> OK | D20: ='JUEZ 2'!G7 -> OK | E20: ='JUEZ 3'!G7 -> ERROR | G20: ='JUEZ 4'!G7 -> ERROR | H20: ='JUEZ 5'!G7 -> ERROR | I20: ='JUEZ 6'!G7 -> OK | K20: ='JUEZ 7'!G7 -> OK | L20: ='JUEZ 8'!G7 -> OK | N20: ='JUEZ 9'!G7 -> OK | S20: ='JUEZ 10'!G7 -> OK | Y20: ='JUEZ 11'!G7 -> OK
B21: 5 | C21: ='JUEZ 1'!G8 -> OK | D21: ='JUEZ 2'!G8 -> OK | E21: ='JUEZ 3'!G8 -> ERROR | G21: ='JUEZ 4'!G8 -> OK | H21: ='JUEZ 5'!G8 -> ERROR | I21: ='JUEZ 6'!G8 -> OK | K21: ='JUEZ 7'!G8 -> ERROR | L21: ='JUEZ 8'!G8 -> OK | N21: ='JUEZ 9'!G8 -> OK | S21: ='JUEZ 10'!G8 -> OK | Y21: ='JUEZ 11'!G8 -> OK
B22: 6 | C22: ='JUEZ 1'!G9 -> OK | D22: ='JUEZ 2'!G9 -> OK | E22: ='JUEZ 3'!G9 -> OK | G22: ='JUEZ 4'!G9 -> OK | H22: ='JUEZ 5'!G9 -> OK | I22: ='JUEZ 6'!G9 -> OK | K22: ='JUEZ 7'!G9 -> OK | L22: ='JUEZ 8'!G9 -> OK | N22: ='JUEZ 9'!G9 -> OK | S22: ='JUEZ 10'!G9 -> OK | Y22: ='JUEZ 11'!G9 -> OK
B23: 7 | C23: ='JUEZ 1'!G10 -> OK | D23: ='JUEZ 2'!G10 -> OK | E23: ='JUEZ 3'!G10 -> OK | G23: ='JUEZ 4'!G10 -> OK | H23: ='JUEZ 5'!G10 -> OK | I23: ='JUEZ 6'!G10 -> OK | K23: ='JUEZ 7'!G10 -> OK | L23: ='JUEZ 8'!G10 -> OK | N23: ='JUEZ 9'!G10 -> OK | S23: ='JUEZ 10'!G10 -> OK | Y23: ='JUEZ 11'!G10 -> OK
B24: 8 | C24: ='JUEZ 1'!G11 -> OK | D24: ='JUEZ 2'!G11 -> OK | E24: ='JUEZ 3'!G11 -> OK | G24: ='JUEZ 4'!G11 -> OK | H24: ='JUEZ 5'!G11 -> OK | I24: ='JUEZ 6'!G11 -> OK | K24: ='JUEZ 7'!G11 -> OK | L24: ='JUEZ 8'!G11 -> OK | N24: ='JUEZ 9'!G11 -> OK | S24: ='JUEZ 10'!G11 -> OK | Y24: ='JUEZ 11'!G11 -> OK
B25: 9 | C25: ='JUEZ 1'!G12 -> ERROR | D25: ='JUEZ 2'!G12 -> OK | E25: ='JUEZ 3'!G12 -> OK | G25: ='JUEZ 4'!G12 -> OK | H25: ='JUEZ 5'!G12 -> ERROR | I25: ='JUEZ 6'!G12 -> OK | K25: ='JUEZ 7'!G12 -> OK | L25: ='JUEZ 8'!G12 -> OK | N25: ='JUEZ 9'!G12 -> OK | S25: ='JUEZ 10'!G12 -> OK | Y25: ='JUEZ 11'!G12 -> OK
B26: 10 | C26: ='JUEZ 1'!G13 -> OK | D26: ='JUEZ 2'!G13 -> OK | E26: ='JUEZ 3'!G13 -> OK | G26: ='JUEZ 4'!G13 -> OK | H26: ='JUEZ 5'!G13 -> OK | I26: ='JUEZ 6'!G13 -> OK | K26: ='JUEZ 7'!G13 -> OK | L26: ='JUEZ 8'!G13 -> OK | N26: ='JUEZ 9'!G13 -> OK | S26: ='JUEZ 10'!G13 -> OK | Y26: ='JUEZ 11'!G13 -> OK

Sheet JUEZ 1
B3: HERRERA | C3: MONEO | D3: DOMINGUEZ | I3: PORCENTAJE DE INCONSISTENCIA VS RESULTADO TEORICO
B4: 1 | C4: 10 | D4: 9 | E4: =C4-TOTAL!G4 -> 0 | F4: =D4-TOTAL!H4 -> 0 | G4: =IF(AND(E4=0,F4=0),IF(B4="T","OKPELEA","OK"),IF(B4="T","ERRORPELEA","ERROR")) -> OK
B5: 2 | C5: 10 | D5: 9 | E5: =C5-TOTAL!G5 -> 0 | F5: =D5-TOTAL!H5 -> 0 | G5: =IF(AND(E5=0,F5=0),IF(B5="T","OKPELEA","OK"),IF(B5="T","ERRORPELEA","ERROR")) -> OK
B6: 3 | C6: 10 | D6: 9 | E6: =C6-TOTAL!G6 -> 0 | F6: =D6-TOTAL!H6 -> 0 | G6: =IF(AND(E6=0,F6=0),IF(B6="T","OKPELEA","OK"),IF(B6="T","ERRORPELEA","ERROR")) -> OK | I6: =COUNTIF(G4:G13,"ERROR")*1/10 -> 0.1
B7: 4 | C7: 9 | D7: 10 | E7: =C7-TOTAL!G7 -> 0 | F7: =D7-TOTAL!H7 -> 0 | G7: =IF(AND(E7=0,F7=0),IF(B7="T","OKPELEA","OK"),IF(B7="T","ERRORPELEA","ERROR")) -> OK
B8: 5 | C8: 9 | D8: 10 | E8: =C8-TOTAL!G8 -> 0 | F8: =D8-TOTAL!H8 -> 0 | G8: =IF(AND(E8=0,F8=0),IF(B8="T","OKPELEA","OK"),IF(B8="T","ERRORPELEA","ERROR")) -> OK
B9: 6 | C9: 10 | D9: 9 | E9: =C9-TOTAL!G9 -> 0 | F9: =D9-TOTAL!H9 -> 0 | G9: =IF(AND(E9=0,F9=0),IF(B9="T","OKPELEA","OK"),IF(B9="T","ERRORPELEA","ERROR")) -> OK
B10: 7 | C10: 10 | D10: 9 | E10: =C10-TOTAL!G10 -> 0 | F10: =D10-TOTAL!H10 -> 0 | G10: =IF(AND(E10=0,F10=0),IF(B10="T","OKPELEA","OK"),IF(B10="T","ERRORPELEA","ERROR")) -> OK | I10: PORCENTAJE DE INCONSISTENCIA VS DEMAS JUECES OFICIALES
B11: 8 | C11: 10 | D11: 9 | E11: =C11-TOTAL!G11 -> 0 | F11: =D11-TOTAL!H11 -> 0 | G11: =IF(AND(E11=0,F11=0),IF(B11="T","OKPELEA","OK"),IF(B11="T","ERRORPELEA","ERROR")) -> OK
B12: 9 | C12: 9 | D12: 10 | E12: =C12-TOTAL!G12 -> -1 | F12: =D12-TOTAL!H12 -> 1 | G12: =IF(AND(E12=0,F12=0),IF(B12="T","OKPELEA","OK"),IF(B12="T","ERRORPELEA","ERROR")) -> ERROR
B13: 10 | C13: 10 | D13: 9 | E13: =C13-TOTAL!G13 -> 0 | F13: =D13-TOTAL!H13 -> 0 | G13: =IF(AND(E13=0,F13=0),IF(B13="T","OKPELEA","OK"),IF(B13="T","ERRORPELEA","ERROR")) -> OK | I13: =IF(AND('JUEZ 1'!C4<>'JUEZ 2'!C4,'JUEZ 1'!C4<>'JUEZ 3'!C4),0.1,0) + IF(AND('JUEZ 1'!C5<>'JUEZ 2'!C5,'JUEZ 1'!C5<>'JUEZ 3'!C5),0.1,0) + IF(AND('JUEZ 1'!C6<>'JUEZ 2'!C6,'JUEZ 1'!C6<>'JUEZ 3'!C6),0.1,0) + IF(AND('JUEZ 1'!C7<>'JUEZ 2'!C7,'JUEZ 1'!C7<>'JUEZ 3'!C7),0.1,0) + IF(AND('JUEZ 1'!C8<>'JUEZ 2'!C8,'JUEZ 1'!C8<>'JUEZ 3'!C8),0.1,0)+ IF(AND('JUEZ 1'!C9<>'JUEZ 2'!C9,'JUEZ 1'!C9<>'JUEZ 3'!C9),0.1,0)+ IF(AND('JUEZ 1'!C10<>'JUEZ 2'!C10,'JUEZ 1'!C10<>'JUEZ 3'!C10),0.1,0)+ IF(AND('JUEZ 1'!C11<>'JUEZ 2'!C11,'JUEZ 1'!C11<>'JUEZ 3'!C11),0.1,0)+ IF(AND('JUEZ 1'!C12<>'JUEZ 2'!C12,'JUEZ 1'!C12<>'JUEZ 3'!C12),0.1,0)+ IF(AND('JUEZ 1'!C13<>'JUEZ 2'!C13,'JUEZ 1'!C13<>'JUEZ 3'!C13),0.1,0) -> 0.1
B14: T | C14: =SUM(C4:C13) -> 97 | D14: =SUM(D4:D13) -> 93 | E14: =C14-TOTAL!G14 -> -1 | F14: =D14-TOTAL!H14 -> 1 | G14: =IF(AND(E14=0,F14=0),IF(B14="T","OKPELEA","OK"),IF(B14="T","ERRORPELEA","ERROR")) -> ERRORPELEA
D15: ERRORES: | G15: =COUNTIF(G4:G13,"error") -> 1

Sheet JUEZ 2
B3: ALARCON | C3: MONEO | D3: DOMINGUEZ | I3: PORCENTAJE DE INCONSISTENCIA VS RESULTADO TEORICO
B4: 1 | C4: 10 | D4: 9 | E4: =C4-TOTAL!G4 -> 0 | F4: =D4-TOTAL!H4 -> 0 | G4: =IF(AND(E4=0,F4=0),IF(B4="T","OKPELEA","OK"),IF(B4="T","ERRORPELEA","ERROR")) -> OK
B5: 2 | C5: 10 | D5: 9 | E5: =C5-TOTAL!G5 -> 0 | F5: =D5-TOTAL!H5 -> 0 | G5: =IF(AND(E5=0,F5=0),IF(B5="T","OKPELEA","OK"),IF(B5="T","ERRORPELEA","ERROR")) -> OK
B6: 3 | C6: 10 | D6: 9 | E6: =C6-TOTAL!G6 -> 0 | F6: =D6-TOTAL!H6 -> 0 | G6: =IF(AND(E6=0,F6=0),IF(B6="T","OKPELEA","OK"),IF(B6="T","ERRORPELEA","ERROR")) -> OK | I6: =COUNTIF(G4:G13,"ERROR")*1/10 -> 0
B7: 4 | C7: 9 | D7: 10 | E7: =C7-TOTAL!G7 -> 0 | F7: =D7-TOTAL!H7 -> 0 | G7: =IF(AND(E7=0,F7=0),IF(B7="T","OKPELEA","OK"),IF(B7="T","ERRORPELEA","ERROR")) -> OK
B8: 5 | C8: 9 | D8: 10 | E8: =C8-TOTAL!G8 -> 0 | F8: =D8-TOTAL!H8 -> 0 | G8: =IF(AND(E8=0,F8=0),IF(B8="T","OKPELEA","OK"),IF(B8="T","ERRORPELEA","ERROR")) -> OK
B9: 6 | C9: 10 | D9: 9 | E9: =C9-TOTAL!G9 -> 0 | F9: =D9-TOTAL!H9 -> 0 | G9: =IF(AND(E9=0,F9=0),IF(B9="T","OKPELEA","OK"),IF(B9="T","ERRORPELEA","ERROR")) -> OK
B10: 7 | C10: 10 | D10: 9 | E10: =C10-TOTAL!G10 -> 0 | F10: =D10-TOTAL!H10 -> 0 | G10: =IF(AND(E10=0,F10=0),IF(B10="T","OKPELEA","OK"),IF(B10="T","ERRORPELEA","ERROR")) -> OK | I10: PORCENTAJE DE INCONSISTENCIA VS DEMAS JUECES OFICIALES
B11: 8 | C11: 10 | D11: 9 | E11: =C11-TOTAL!G11 -> 0 | F11: =D11-TOTAL!H11 -> 0 | G11: =IF(AND(E11=0,F11=0),IF(B11="T","OKPELEA","OK"),IF(B11="T","ERRORPELEA","ERROR")) -> OK
B12: 9 | C12: 10 | D12: 9 | E12: =C12-TOTAL!G12 -> 0 | F12: =D12-TOTAL!H12 -> 0 | G12: =IF(AND(E12=0,F12=0),IF(B12="T","OKPELEA","OK"),IF(B12="T","ERRORPELEA","ERROR")) -> OK
B13: 10 | C13: 10 | D13: 9 | E13: =C13-TOTAL!G13 -> 0 | F13: =D13-TOTAL!H13 -> 0 | G13: =IF(AND(E13=0,F13=0),IF(B13="T","OKPELEA","OK"),IF(B13="T","ERRORPELEA","ERROR")) -> OK | I13: =IF(AND('JUEZ 2'!C4<>'JUEZ 1'!C4,'JUEZ 2'!C4<>'JUEZ 3'!C4),0.1,0) + IF(AND('JUEZ 2'!C5<>'JUEZ 1'!C5,'JUEZ 2'!C5<>'JUEZ 3'!C5),0.1,0) + IF(AND('JUEZ 2'!C6<>'JUEZ 1'!C6,'JUEZ 2'!C6<>'JUEZ 3'!C6),0.1,0) + IF(AND('JUEZ 2'!C7<>'JUEZ 1'!C7,'JUEZ 2'!C7<>'JUEZ 3'!C7),0.1,0) + IF(AND('JUEZ 2'!C8<>'JUEZ 1'!C8,'JUEZ 2'!C8<>'JUEZ 3'!C8),0.1,0)+ IF(AND('JUEZ 2'!C9<>'JUEZ 1'!C9,'JUEZ 2'!C9<>'JUEZ 3'!C9),0.1,0)+ IF(AND('JUEZ 2'!C10<>'JUEZ 1'!C10,'JUEZ 2'!C10<>'JUEZ 3'!C10),0.1,0)+ IF(AND('JUEZ 2'!C11<>'JUEZ 1'!C11,'JUEZ 2'!C11<>'JUEZ 3'!C11),0.1,0)+ IF(AND('JUEZ 2'!C12<>'JUEZ 1'!C12,'JUEZ 2'!C12<>'JUEZ 3'!C12),0.1,0)+ IF(AND('JUEZ 2'!C13<>'JUEZ 1'!C13,'JUEZ 2'!C13<>'JUEZ 3'!C13),0.1,0) -> 0
B14: T | C14: =SUM(C4:C13) -> 98 | D14: =SUM(D4:D13) -> 92 | E14: =C14-TOTAL!G14 -> 0 | F14: =D14-TOTAL!H14 -> 0 | G14: =IF(AND(E14=0,F14=0),IF(B14="T","OKPELEA","OK"),IF(B14="T","ERRORPELEA","ERROR")) -> OKPELEA
D15: ERRORES: | G15: =COUNTIF(G4:G13,"error") -> 0

Sheet JUEZ 3
B3: NAMEN | C3: MONEO | D3: DOMINGUEZ | I3: PORCENTAJE DE INCONSISTENCIA VS RESULTADO TEORICO
B4: 1 | C4: 10 | D4: 9 | E4: =C4-TOTAL!G4 -> 0 | F4: =D4-TOTAL!H4 -> 0 | G4: =IF(AND(E4=0,F4=0),IF(B4="T","OKPELEA","OK"),IF(B4="T","ERRORPELEA","ERROR")) -> OK
B5: 2 | C5: 10 | D5: 9 | E5: =C5-TOTAL!G5 -> 0 | F5: =D5-TOTAL!H5 -> 0 | G5: =IF(AND(E5=0,F5=0),IF(B5="T","OKPELEA","OK"),IF(B5="T","ERRORPELEA","ERROR")) -> OK
B6: 3 | C6: 10 | D6: 9 | E6: =C6-TOTAL!G6 -> 0 | F6: =D6-TOTAL!H6 -> 0 | G6: =IF(AND(E6=0,F6=0),IF(B6="T","OKPELEA","OK"),IF(B6="T","ERRORPELEA","ERROR")) -> OK | I6: =COUNTIF(G4:G13,"ERROR")*1/10 -> 0.2
B7: 4 | C7: 10 | D7: 9 | E7: =C7-TOTAL!G7 -> 1 | F7: =D7-TOTAL!H7 -> -1 | G7: =IF(AND(E7=0,F7=0),IF(B7="T","OKPELEA","OK"),IF(B7="T","ERRORPELEA","ERROR")) -> ERROR
B8: 5 | C8: 10 | D8: 9 | E8: =C8-TOTAL!G8 -> 1 | F8: =D8-TOTAL!H8 -> -1 | G8: =IF(AND(E8=0,F8=0),IF(B8="T","OKPELEA","OK"),IF(B8="T","ERRORPELEA","ERROR")) -> ERROR
B9: 6 | C9: 10 | D9: 9 | E9: =C9-TOTAL!G9 -> 0 | F9: =D9-TOTAL!H9 -> 0 | G9: =IF(AND(E9=0,F9=0),IF(B9="T","OKPELEA","OK"),IF(B9="T","ERRORPELEA","ERROR")) -> OK
B10: 7 | C10: 10 | D10: 9 | E10: =C10-TOTAL!G10 -> 0 | F10: =D10-TOTAL!H10 -> 0 | G10: =IF(AND(E10=0,F10=0),IF(B10="T","OKPELEA","OK"),IF(B10="T","ERRORPELEA","ERROR")) -> OK | I10: PORCENTAJE DE INCONSISTENCIA VS DEMAS JUECES OFICIALES
B11: 8 | C11: 10 | D11: 9 | E11: =C11-TOTAL!G11 -> 0 | F11: =D11-TOTAL!H11 -> 0 | G11: =IF(AND(E11=0,F11=0),IF(B11="T","OKPELEA","OK"),IF(B11="T","ERRORPELEA","ERROR")) -> OK
B12: 9 | C12: 10 | D12: 9 | E12: =C12-TOTAL!G12 -> 0 | F12: =D12-TOTAL!H12 -> 0 | G12: =IF(AND(E12=0,F12=0),IF(B12="T","OKPELEA","OK"),IF(B12="T","ERRORPELEA","ERROR")) -> OK
B13: 10 | C13: 10 | D13: 9 | E13: =C13-TOTAL!G13 -> 0 | F13: =D13-TOTAL!H13 -> 0 | G13: =IF(AND(E13=0,F13=0),IF(B13="T","OKPELEA","OK"),IF(B13="T","ERRORPELEA","ERROR")) -> OK | I13: =IF(AND('JUEZ 3'!C4<>'JUEZ 1'!C4,'JUEZ 3'!C4<>'JUEZ 2'!C4),0.1,0) + IF(AND('JUEZ 3'!C5<>'JUEZ 1'!C5,'JUEZ 3'!C5<>'JUEZ 2'!C5),0.1,0) + IF(AND('JUEZ 3'!C6<>'JUEZ 1'!C6,'JUEZ 3'!C6<>'JUEZ 2'!C6),0.1,0) + IF(AND('JUEZ 3'!C7<>'JUEZ 1'!C7,'JUEZ 3'!C7<>'JUEZ 2'!C7),0.1,0) + IF(AND('JUEZ 3'!C8<>'JUEZ 1'!C8,'JUEZ 3'!C8<>'JUEZ 2'!C8),0.1,0)+ IF(AND('JUEZ 3'!C9<>'JUEZ 1'!C9,'JUEZ 3'!C9<>'JUEZ 2'!C9),0.1,0)+ IF(AND('JUEZ 3'!C10<>'JUEZ 1'!C10,'JUEZ 3'!C10<>'JUEZ 2'!C10),0.1,0)+ IF(AND('JUEZ 3'!C11<>'JUEZ 1'!C11,'JUEZ 3'!C11<>'JUEZ 2'!C11),0.1,0)+ IF(AND('JUEZ 3'!C12<>'JUEZ 1'!C12,'JUEZ 3'!C12<>'JUEZ 2'!C12),0.1,0)+ IF(AND('JUEZ 3'!C13<>'JUEZ 1'!C13,'JUEZ 3'!C13<>'JUEZ 2'!C13),0.1,0) -> 0.2
B14: T | C14: =SUM(C4:C13) -> 100 | D14: =SUM(D4:D13) -> 90 | E14: =C14-TOTAL!G14 -> 2 | F14: =D14-TOTAL!H14 -> -2 | G14: =IF(AND(E14=0,F14=0),IF(B14="T","OKPELEA","OK"),IF(B14="T","ERRORPELEA","ERROR")) -> ERRORPELEA
D15: ERRORES: | G15: =COUNTIF(G4:G13,"error") -> 2

Sheet JUEZ 4
B3: FANUCCHI | C3: MONEO | D3: DOMINGUEZ | I3: PORCENTAJE DE INCONSISTENCIA VS RESULTADO TEORICO
B4: 1 | C4: 10 | D4: 9 | E4: =C4-TOTAL!G4 -> 0 | F4: =D4-TOTAL!H4 -> 0 | G4: =IF(AND(E4=0,F4=0),IF(B4="T","OKPELEA","OK"),IF(B4="T","ERRORPELEA","ERROR")) -> OK
B5: 2 | C5: 10 | D5: 9 | E5: =C5-TOTAL!G5 -> 0 | F5: =D5-TOTAL!H5 -> 0 | G5: =IF(AND(E5=0,F5=0),IF(B5="T","OKPELEA","OK"),IF(B5="T","ERRORPELEA","ERROR")) -> OK
B6: 3 | C6: 10 | D6: 9 | E6: =C6-TOTAL!G6 -> 0 | F6: =D6-TOTAL!H6 -> 0 | G6: =IF(AND(E6=0,F6=0),IF(B6="T","OKPELEA","OK"),IF(B6="T","ERRORPELEA","ERROR")) -> OK | I6: =COUNTIF(G4:G13,"ERROR")*1/10 -> 0.1
B7: 4 | C7: 10 | D7: 9 | E7: =C7-TOTAL!G7 -> 1 | F7: =D7-TOTAL!H7 -> -1 | G7: =IF(AND(E7=0,F7=0),IF(B7="T","OKPELEA","OK"),IF(B7="T","ERRORPELEA","ERROR")) -> ERROR
B8: 5 | C8: 9 | D8: 10 | E8: =C8-TOTAL!G8 -> 0 | F8: =D8-TOTAL!H8 -> 0 | G8: =IF(AND(E8=0,F8=0),IF(B8="T","OKPELEA","OK"),IF(B8="T","ERRORPELEA","ERROR")) -> OK
B9: 6 | C9: 10 | D9: 9 | E9: =C9-TOTAL!G9 -> 0 | F9: =D9-TOTAL!H9 -> 0 | G9: =IF(AND(E9=0,F9=0),IF(B9="T","OKPELEA","OK"),IF(B9="T","ERRORPELEA","ERROR")) -> OK
B10: 7 | C10: 10 | D10: 9 | E10: =C10-TOTAL!G10 -> 0 | F10: =D10-TOTAL!H10 -> 0 | G10: =IF(AND(E10=0,F10=0),IF(B10="T","OKPELEA","OK"),IF(B10="T","ERRORPELEA","ERROR")) -> OK | I10: PORCENTAJE DE INCONSISTENCIA VS DEMAS JUECES REVISION
B11: 8 | C11: 10 | D11: 9 | E11: =C11-TOTAL!G11 -> 0 | F11: =D11-TOTAL!H11 -> 0 | G11: =IF(AND(E11=0,F11=0),IF(B11="T","OKPELEA","OK"),IF(B11="T","ERRORPELEA","ERROR")) -> OK
B12: 9 | C12: 10 | D12: 9 | E12: =C12-TOTAL!G12 -> 0 | F12: =D12-TOTAL!H12 -> 0 | G12: =IF(AND(E12=0,F12=0),IF(B12="T","OKPELEA","OK"),IF(B12="T","ERRORPELEA","ERROR")) -> OK
B13: 10 | C13: 10 | D13: 9 | E13: =C13-TOTAL!G13 -> 0 | F13: =D13-TOTAL!H13 -> 0 | G13: =IF(AND(E13=0,F13=0),IF(B13="T","OKPELEA","OK"),IF(B13="T","ERRORPELEA","ERROR")) -> OK | I13: 0.1
B14: T | C14: =SUM(C4:C13) -> 99 | D14: =SUM(D4:D13) -> 91 | E14: =C14-TOTAL!G14 -> 1 | F14: =D14-TOTAL!H14 -> -1 | G14: =IF(AND(E14=0,F14=0),IF(B14="T","OKPELEA","OK"),IF(B14="T","ERRORPELEA","ERROR")) -> ERRORPELEA
D15: ERRORES: | G15: =COUNTIF(G4:G13,"error") -> 1

Sheet JUEZ 5
B3: BOPP | C3: MONEO | D3: DOMINGUEZ | I3: PORCENTAJE DE INCONSISTENCIA VS RESULTADO TEORICO
B4: 1 | C4: 10 | D4: 9 | E4: =C4-TOTAL!G4 -> 0 | F4: =D4-TOTAL!H4 -> 0 | G4: =IF(AND(E4=0,F4=0),IF(B4="T","OKPELEA","OK"),IF(B4="T","ERRORPELEA","ERROR")) -> OK
B5: 2 | C5: 10 | D5: 9 | E5: =C5-TOTAL!G5 -> 0 | F5: =D5-TOTAL!H5 -> 0 | G5: =IF(AND(E5=0,F5=0),IF(B5="T","OKPELEA","OK"),IF(B5="T","ERRORPELEA","ERROR")) -> OK
B6: 3 | C6: 10 | D6: 9 | E6: =C6-TOTAL!G6 -> 0 | F6: =D6-TOTAL!H6 -> 0 | G6: =IF(AND(E6=0,F6=0),IF(B6="T","OKPELEA","OK"),IF(B6="T","ERRORPELEA","ERROR")) -> OK | I6: =COUNTIF(G4:G13,"ERROR")*1/10 -> 0.3
B7: 4 | C7: 10 | D7: 9 | E7: =C7-TOTAL!G7 -> 1 | F7: =D7-TOTAL!H7 -> -1 | G7: =IF(AND(E7=0,F7=0),IF(B7="T","OKPELEA","OK"),IF(B7="T","ERRORPELEA","ERROR")) -> ERROR
B8: 5 | C8: 10 | D8: 9 | E8: =C8-TOTAL!G8 -> 1 | F8: =D8-TOTAL!H8 -> -1 | G8: =IF(AND(E8=0,F8=0),IF(B8="T","OKPELEA","OK"),IF(B8="T","ERRORPELEA","ERROR")) -> ERROR
B9: 6 | C9: 10 | D9: 9 | E9: =C9-TOTAL!G9 -> 0 | F9: =D9-TOTAL!H9 -> 0 | G9: =IF(AND(E9=0,F9=0),IF(B9="T","OKPELEA","OK"),IF(B9="T","ERRORPELEA","ERROR")) -> OK
B10: 7 | C10: 10 | D10: 9 | E10: =C10-TOTAL!G10 -> 0 | F10: =D10-TOTAL!H10 -> 0 | G10: =IF(AND(E10=0,F10=0),IF(B10="T","OKPELEA","OK"),IF(B10="T","ERRORPELEA","ERROR")) -> OK | I10: PORCENTAJE DE INCONSISTENCIA VS DEMAS JUECES REVISION
B11: 8 | C11: 10 | D11: 9 | E11: =C11-TOTAL!G11 -> 0 | F11: =D11-TOTAL!H11 -> 0 | G11: =IF(AND(E11=0,F11=0),IF(B11="T","OKPELEA","OK"),IF(B11="T","ERRORPELEA","ERROR")) -> OK
B12: 9 | C12: 9 | D12: 10 | E12: =C12-TOTAL!G12 -> -1 | F12: =D12-TOTAL!H12 -> 1 | G12: =IF(AND(E12=0,F12=0),IF(B12="T","OKPELEA","OK"),IF(B12="T","ERRORPELEA","ERROR")) -> ERROR
B13: 10 | C13: 10 | D13: 9 | E13: =C13-TOTAL!G13 -> 0 | F13: =D13-TOTAL!H13 -> 0 | G13: =IF(AND(E13=0,F13=0),IF(B13="T","OKPELEA","OK"),IF(B13="T","ERRORPELEA","ERROR")) -> OK | I13: 0.2
B14: T | C14: =SUM(C4:C13) -> 99 | D14: =SUM(D4:D13) -> 91 | E14: =C14-TOTAL!G14 -> 1 | F14: =D14-TOTAL!H14 -> -1 | G14: =IF(AND(E14=0,F14=0),IF(B14="T","OKPELEA","OK"),IF(B14="T","ERRORPELEA","ERROR")) -> ERRORPELEA
D15: ERRORES: | G15: =COUNTIF(G4:G13,"error") -> 3

Sheet JUEZ 6
B3: VALERA | C3: MONEO | D3: DOMINGUEZ | I3: PORCENTAJE DE INCONSISTENCIA VS RESULTADO TEORICO
B4: 1 | C4: 10 | D4: 9 | E4: =C4-TOTAL!G4 -> 0 | F4: =D4-TOTAL!H4 -> 0 | G4: =IF(AND(E4=0,F4=0),IF(B4="T","OKPELEA","OK"),IF(B4="T","ERRORPELEA","ERROR")) -> OK
B5: 2 | C5: 10 | D5: 9 | E5: =C5-TOTAL!G5 -> 0 | F5: =D5-TOTAL!H5 -> 0 | G5: =IF(AND(E5=0,F5=0),IF(B5="T","OKPELEA","OK"),IF(B5="T","ERRORPELEA","ERROR")) -> OK
B6: 3 | C6: 10 | D6: 9 | E6: =C6-TOTAL!G6 -> 0 | F6: =D6-TOTAL!H6 -> 0 | G6: =IF(AND(E6=0,F6=0),IF(B6="T","OKPELEA","OK"),IF(B6="T","ERRORPELEA","ERROR")) -> OK | I6: =COUNTIF(G4:G13,"ERROR")*1/10 -> 0
B7: 4 | C7: 9 | D7: 10 | E7: =C7-TOTAL!G7 -> 0 | F7: =D7-TOTAL!H7 -> 0 | G7: =IF(AND(E7=0,F7=0),IF(B7="T","OKPELEA","OK"),IF(B7="T","ERRORPELEA","ERROR")) -> OK
B8: 5 | C8: 9 | D8: 10 | E8: =C8-TOTAL!G8 -> 0 | F8: =D8-TOTAL!H8 -> 0 | G8: =IF(AND(E8=0,F8=0),IF(B8="T","OKPELEA","OK"),IF(B8="T","ERRORPELEA","ERROR")) -> OK
B9: 6 | C9: 10 | D9: 9 | E9: =C9-TOTAL!G9 -> 0 | F9: =D9-TOTAL!H9 -> 0 | G9: =IF(AND(E9=0,F9=0),IF(B9="T","OKPELEA","OK"),IF(B9="T","ERRORPELEA","ERROR")) -> OK
B10: 7 | C10: 10 | D10: 9 | E10: =C10-TOTAL!G10 -> 0 | F10: =D10-TOTAL!H10 -> 0 | G10: =IF(AND(E10=0,F10=0),IF(B10="T","OKPELEA","OK"),IF(B10="T","ERRORPELEA","ERROR")) -> OK | I10: PORCENTAJE DE INCONSISTENCIA VS DEMAS JUECES REVISION
B11: 8 | C11: 10 | D11: 9 | E11: =C11-TOTAL!G11 -> 0 | F11: =D11-TOTAL!H11 -> 0 | G11: =IF(AND(E11=0,F11=0),IF(B11="T","OKPELEA","OK"),IF(B11="T","ERRORPELEA","ERROR")) -> OK
B12: 9 | C12: 10 | D12: 9 | E12: =C12-TOTAL!G12 -> 0 | F12: =D12-TOTAL!H12 -> 0 | G12: =IF(AND(E12=0,F12=0),IF(B12="T","OKPELEA","OK"),IF(B12="T","ERRORPELEA","ERROR")) -> OK
B13: 10 | C13: 10 | D13: 9 | E13: =C13-TOTAL!G13 -> 0 | F13: =D13-TOTAL!H13 -> 0 | G13: =IF(AND(E13=0,F13=0),IF(B13="T","OKPELEA","OK"),IF(B13="T","ERRORPELEA","ERROR")) -> OK | I13: 0.2
B14: T | C14: =SUM(C4:C13) -> 98 | D14: =SUM(D4:D13) -> 92 | E14: =C14-TOTAL!G14 -> 0 | F14: =D14-TOTAL!H14 -> 0 | G14: =IF(AND(E14=0,F14=0),IF(B14="T","OKPELEA","OK"),IF(B14="T","ERRORPELEA","ERROR")) -> OKPELEA
D15: ERRORES: | G15: =COUNTIF(G4:G13,"error") -> 0

Sheet JUEZ 7
B3: IRUSTA | C3: MONEO | D3: DOMINGUEZ | I3: PORCENTAJE DE INCONSISTENCIA VS RESULTADO TEORICO
B4: 1 | C4: 10 | D4: 9 | E4: =C4-TOTAL!G4 -> 0 | F4: =D4-TOTAL!H4 -> 0 | G4: =IF(AND(E4=0,F4=0),IF(B4="T","OKPELEA","OK"),IF(B4="T","ERRORPELEA","ERROR")) -> OK
B5: 2 | C5: 10 | D5: 9 | E5: =C5-TOTAL!G5 -> 0 | F5: =D5-TOTAL!H5 -> 0 | G5: =IF(AND(E5=0,F5=0),IF(B5="T","OKPELEA","OK"),IF(B5="T","ERRORPELEA","ERROR")) -> OK
B6: 3 | C6: 10 | D6: 9 | E6: =C6-TOTAL!G6 -> 0 | F6: =D6-TOTAL!H6 -> 0 | G6: =IF(AND(E6=0,F6=0),IF(B6="T","OKPELEA","OK"),IF(B6="T","ERRORPELEA","ERROR")) -> OK | I6: =COUNTIF(G4:G13,"ERROR")*1/10 -> 0.1
B7: 4 | C7: 9 | D7: 10 | E7: =C7-TOTAL!G7 -> 0 | F7: =D7-TOTAL!H7 -> 0 | G7: =IF(AND(E7=0,F7=0),IF(B7="T","OKPELEA","OK"),IF(B7="T","ERRORPELEA","ERROR")) -> OK
B8: 5 | C8: 10 | D8: 9 | E8: =C8-TOTAL!G8 -> 1 | F8: =D8-TOTAL!H8 -> -1 | G8: =IF(AND(E8=0,F8=0),IF(B8="T","OKPELEA","OK"),IF(B8="T","ERRORPELEA","ERROR")) -> ERROR
B9: 6 | C9: 10 | D9: 9 | E9: =C9-TOTAL!G9 -> 0 | F9: =D9-TOTAL!H9 -> 0 | G9: =IF(AND(E9=0,F9=0),IF(B9="T","OKPELEA","OK"),IF(B9="T","ERRORPELEA","ERROR")) -> OK
B10: 7 | C10: 10 | D10: 9 | E10: =C10-TOTAL!G10 -> 0 | F10: =D10-TOTAL!H10 -> 0 | G10: =IF(AND(E10=0,F10=0),IF(B10="T","OKPELEA","OK"),IF(B10="T","ERRORPELEA","ERROR")) -> OK | I10: PORCENTAJE DE INCONSISTENCIA VS DEMAS JUECES REVISION
B11: 8 | C11: 10 | D11: 9 | E11: =C11-TOTAL!G11 -> 0 | F11: =D11-TOTAL!H11 -> 0 | G11: =IF(AND(E11=0,F11=0),IF(B11="T","OKPELEA","OK"),IF(B11="T","ERRORPELEA","ERROR")) -> OK
B12: 9 | C12: 10 | D12: 9 | E12: =C12-TOTAL!G12 -> 0 | F12: =D12-TOTAL!H12 -> 0 | G12: =IF(AND(E12=0,F12=0),IF(B12="T","OKPELEA","OK"),IF(B12="T","ERRORPELEA","ERROR")) -> OK
B13: 10 | C13: 10 | D13: 9 | E13: =C13-TOTAL!G13 -> 0 | F13: =D13-TOTAL!H13 -> 0 | G13: =IF(AND(E13=0,F13=0),IF(B13="T","OKPELEA","OK"),IF(B13="T","ERRORPELEA","ERROR")) -> OK | I13: 0.1
B14: T | C14: =SUM(C4:C13) -> 99 | D14: =SUM(D4:D13) -> 91 | E14: =C14-TOTAL!G14 -> 1 | F14: =D14-TOTAL!H14 -> -1 | G14: =IF(AND(E14=0,F14=0),IF(B14="T","OKPELEA","OK"),IF(B14="T","ERRORPELEA","ERROR")) -> ERRORPELEA
D15: ERRORES: | G15: =COUNTIF(G4:G13,"error") -> 1

Sheet JUEZ 8
B3: ALANCAY | C3: MONEO | D3: DOMINGUEZ | I3: PORCENTAJE DE INCONSISTENCIA VS RESULTADO TEORICO
B4: 1 | C4: 10 | D4: 9 | E4: =C4-TOTAL!G4 -> 0 | F4: =D4-TOTAL!H4 -> 0 | G4: =IF(AND(E4=0,F4=0),IF(B4="T","OKPELEA","OK"),IF(B4="T","ERRORPELEA","ERROR")) -> OK
B5: 2 | C5: 10 | D5: 9 | E5: =C5-TOTAL!G5 -> 0 | F5: =D5-TOTAL!H5 -> 0 | G5: =IF(AND(E5=0,F5=0),IF(B5="T","OKPELEA","OK"),IF(B5="T","ERRORPELEA","ERROR")) -> OK
B6: 3 | C6: 10 | D6: 9 | E6: =C6-TOTAL!G6 -> 0 | F6: =D6-TOTAL!H6 -> 0 | G6: =IF(AND(E6=0,F6=0),IF(B6="T","OKPELEA","OK"),IF(B6="T","ERRORPELEA","ERROR")) -> OK | I6: =COUNTIF(G4:G13,"ERROR")*1/10 -> 0
B7: 4 | C7: 9 | D7: 10 | E7: =C7-TOTAL!G7 -> 0 | F7: =D7-TOTAL!H7 -> 0 | G7: =IF(AND(E7=0,F7=0),IF(B7="T","OKPELEA","OK"),IF(B7="T","ERRORPELEA","ERROR")) -> OK
B8: 5 | C8: 9 | D8: 10 | E8: =C8-TOTAL!G8 -> 0 | F8: =D8-TOTAL!H8 -> 0 | G8: =IF(AND(E8=0,F8=0),IF(B8="T","OKPELEA","OK"),IF(B8="T","ERRORPELEA","ERROR")) -> OK
B9: 6 | C9: 10 | D9: 9 | E9: =C9-TOTAL!G9 -> 0 | F9: =D9-TOTAL!H9 -> 0 | G9: =IF(AND(E9=0,F9=0),IF(B9="T","OKPELEA","OK"),IF(B9="T","ERRORPELEA","ERROR")) -> OK
B10: 7 | C10: 10 | D10: 9 | E10: =C10-TOTAL!G10 -> 0 | F10: =D10-TOTAL!H10 -> 0 | G10: =IF(AND(E10=0,F10=0),IF(B10="T","OKPELEA","OK"),IF(B10="T","ERRORPELEA","ERROR")) -> OK | I10: PORCENTAJE DE INCONSISTENCIA VS DEMAS JUECES REVISION
B11: 8 | C11: 10 | D11: 9 | E11: =C11-TOTAL!G11 -> 0 | F11: =D11-TOTAL!H11 -> 0 | G11: =IF(AND(E11=0,F11=0),IF(B11="T","OKPELEA","OK"),IF(B11="T","ERRORPELEA","ERROR")) -> OK
B12: 9 | C12: 10 | D12: 9 | E12: =C12-TOTAL!G12 -> 0 | F12: =D12-TOTAL!H12 -> 0 | G12: =IF(AND(E12=0,F12=0),IF(B12="T","OKPELEA","OK"),IF(B12="T","ERRORPELEA","ERROR")) -> OK
B13: 10 | C13: 10 | D13: 9 | E13: =C13-TOTAL!G13 -> 0 | F13: =D13-TOTAL!H13 -> 0 | G13: =IF(AND(E13=0,F13=0),IF(B13="T","OKPELEA","OK"),IF(B13="T","ERRORPELEA","ERROR")) -> OK | I13: 0
B14: T | C14: =SUM(C4:C13) -> 98 | D14: =SUM(D4:D13) -> 92 | E14: =C14-TOTAL!G14 -> 0 | F14: =D14-TOTAL!H14 -> 0 | G14: =IF(AND(E14=0,F14=0),IF(B14="T","OKPELEA","OK"),IF(B14="T","ERRORPELEA","ERROR")) -> OKPELEA
D15: ERRORES: | G15: =COUNTIF(G4:G13,"error") -> 0

Sheet JUEZ 9
B3: IANOVSKY | C3: MONEO | D3: DOMINGUEZ | I3: PORCENTAJE DE INCONSISTENCIA VS RESULTADO TEORICO
B4: 1 | C4: 10 | D4: 9 | E4: =C4-TOTAL!G4 -> 0 | F4: =D4-TOTAL!H4 -> 0 | G4: =IF(AND(E4=0,F4=0),IF(B4="T","OKPELEA","OK"),IF(B4="T","ERRORPELEA","ERROR")) -> OK
B5: 2 | C5: 10 | D5: 9 | E5: =C5-TOTAL!G5 -> 0 | F5: =D5-TOTAL!H5 -> 0 | G5: =IF(AND(E5=0,F5=0),IF(B5="T","OKPELEA","OK"),IF(B5="T","ERRORPELEA","ERROR")) -> OK
B6: 3 | C6: 10 | D6: 9 | E6: =C6-TOTAL!G6 -> 0 | F6: =D6-TOTAL!H6 -> 0 | G6: =IF(AND(E6=0,F6=0),IF(B6="T","OKPELEA","OK"),IF(B6="T","ERRORPELEA","ERROR")) -> OK | I6: =COUNTIF(G4:G13,"ERROR")*1/10 -> 0
B7: 4 | C7: 9 | D7: 10 | E7: =C7-TOTAL!G7 -> 0 | F7: =D7-TOTAL!H7 -> 0 | G7: =IF(AND(E7=0,F7=0),IF(B7="T","OKPELEA","OK"),IF(B7="T","ERRORPELEA","ERROR")) -> OK
B8: 5 | C8: 9 | D8: 10 | E8: =C8-TOTAL!G8 -> 0 | F8: =D8-TOTAL!H8 -> 0 | G8: =IF(AND(E8=0,F8=0),IF(B8="T","OKPELEA","OK"),IF(B8="T","ERRORPELEA","ERROR")) -> OK
B9: 6 | C9: 10 | D9: 9 | E9: =C9-TOTAL!G9 -> 0 | F9: =D9-TOTAL!H9 -> 0 | G9: =IF(AND(E9=0,F9=0),IF(B9="T","OKPELEA","OK"),IF(B9="T","ERRORPELEA","ERROR")) -> OK
B10: 7 | C10: 10 | D10: 9 | E10: =C10-TOTAL!G10 -> 0 | F10: =D10-TOTAL!H10 -> 0 | G10: =IF(AND(E10=0,F10=0),IF(B10="T","OKPELEA","OK"),IF(B10="T","ERRORPELEA","ERROR")) -> OK | I10: PORCENTAJE DE INCONSISTENCIA VS DEMAS JUECES REVISION
B11: 8 | C11: 10 | D11: 9 | E11: =C11-TOTAL!G11 -> 0 | F11: =D11-TOTAL!H11 -> 0 | G11: =IF(AND(E11=0,F11=0),IF(B11="T","OKPELEA","OK"),IF(B11="T","ERRORPELEA","ERROR")) -> OK
B12: 9 | C12: 10 | D12: 9 | E12: =C12-TOTAL!G12 -> 0 | F12: =D12-TOTAL!H12 -> 0 | G12: =IF(AND(E12=0,F12=0),IF(B12="T","OKPELEA","OK"),IF(B12="T","ERRORPELEA","ERROR")) -> OK
B13: 10 | C13: 10 | D13: 9 | E13: =C13-TOTAL!G13 -> 0 | F13: =D13-TOTAL!H13 -> 0 | G13: =IF(AND(E13=0,F13=0),IF(B13="T","OKPELEA","OK"),IF(B13="T","ERRORPELEA","ERROR")) -> OK | I13: 0.1
B14: T | C14: =SUM(C4:C13) -> 98 | D14: =SUM(D4:D13) -> 92 | E14: =C14-TOTAL!G14 -> 0 | F14: =D14-TOTAL!H14 -> 0 | G14: =IF(AND(E14=0,F14=0),IF(B14="T","OKPELEA","OK"),IF(B14="T","ERRORPELEA","ERROR")) -> OKPELEA
D15: ERRORES: | G15: =COUNTIF(G4:G13,"error") -> 0

Sheet JUEZ 10
B3: MAYORQUIM | C3: MONEO | D3: DOMINGUEZ | I3: PORCENTAJE DE INCONSISTENCIA VS RESULTADO TEORICO
B4: 1 | C4: 10 | D4: 9 | E4: =C4-TOTAL!G4 -> 0 | F4: =D4-TOTAL!H4 -> 0 | G4: =IF(AND(E4=0,F4=0),IF(B4="T","OKPELEA","OK"),IF(B4="T","ERRORPELEA","ERROR")) -> OK
B5: 2 | C5: 10 | D5: 9 | E5: =C5-TOTAL!G5 -> 0 | F5: =D5-TOTAL!H5 -> 0 | G5: =IF(AND(E5=0,F5=0),IF(B5="T","OKPELEA","OK"),IF(B5="T","ERRORPELEA","ERROR")) -> OK
B6: 3 | C6: 10 | D6: 9 | E6: =C6-TOTAL!G6 -> 0 | F6: =D6-TOTAL!H6 -> 0 | G6: =IF(AND(E6=0,F6=0),IF(B6="T","OKPELEA","OK"),IF(B6="T","ERRORPELEA","ERROR")) -> OK | I6: =COUNTIF(G4:G13,"ERROR")*1/10 -> 0
B7: 4 | C7: 9 | D7: 10 | E7: =C7-TOTAL!G7 -> 0 | F7: =D7-TOTAL!H7 -> 0 | G7: =IF(AND(E7=0,F7=0),IF(B7="T","OKPELEA","OK"),IF(B7="T","ERRORPELEA","ERROR")) -> OK
B8: 5 | C8: 9 | D8: 10 | E8: =C8-TOTAL!G8 -> 0 | F8: =D8-TOTAL!H8 -> 0 | G8: =IF(AND(E8=0,F8=0),IF(B8="T","OKPELEA","OK"),IF(B8="T","ERRORPELEA","ERROR")) -> OK
B9: 6 | C9: 10 | D9: 9 | E9: =C9-TOTAL!G9 -> 0 | F9: =D9-TOTAL!H9 -> 0 | G9: =IF(AND(E9=0,F9=0),IF(B9="T","OKPELEA","OK"),IF(B9="T","ERRORPELEA","ERROR")) -> OK
B10: 7 | C10: 10 | D10: 9 | E10: =C10-TOTAL!G10 -> 0 | F10: =D10-TOTAL!H10 -> 0 | G10: =IF(AND(E10=0,F10=0),IF(B10="T","OKPELEA","OK"),IF(B10="T","ERRORPELEA","ERROR")) -> OK | I10: PORCENTAJE DE INCONSISTENCIA VS DEMAS JUECES REVISION
B11: 8 | C11: 10 | D11: 9 | E11: =C11-TOTAL!G11 -> 0 | F11: =D11-TOTAL!H11 -> 0 | G11: =IF(AND(E11=0,F11=0),IF(B11="T","OKPELEA","OK"),IF(B11="T","ERRORPELEA","ERROR")) -> OK
B12: 9 | C12: 10 | D12: 9 | E12: =C12-TOTAL!G12 -> 0 | F12: =D12-TOTAL!H12 -> 0 | G12: =IF(AND(E12=0,F12=0),IF(B12="T","OKPELEA","OK"),IF(B12="T","ERRORPELEA","ERROR")) -> OK
B13: 10 | C13: 10 | D13: 9 | E13: =C13-TOTAL!G13 -> 0 | F13: =D13-TOTAL!H13 -> 0 | G13: =IF(AND(E13=0,F13=0),IF(B13="T","OKPELEA","OK"),IF(B13="T","ERRORPELEA","ERROR")) -> OK | I13: 0.2
B14: T | C14: =SUM(C4:C13) -> 98 | D14: =SUM(D4:D13) -> 92 | E14: =C14-TOTAL!G14 -> 0 | F14: =D14-TOTAL!H14 -> 0 | G14: =IF(AND(E14=0,F14=0),IF(B14="T","OKPELEA","OK"),IF(B14="T","ERRORPELEA","ERROR")) -> OKPELEA
D15: ERRORES: | G15: =COUNTIF(G4:G13,"error") -> 0

Sheet JUEZ 11
B3: VALERA | C3: MONEO | D3: DOMINGUEZ | I3: PORCENTAJE DE INCONSISTENCIA VS RESULTADO TEORICO
B4: 1 | C4: 10 | D4: 9 | E4: =C4-TOTAL!G4 -> 0 | F4: =D4-TOTAL!H4 -> 0 | G4: =IF(AND(E4=0,F4=0),IF(B4="T","OKPELEA","OK"),IF(B4="T","ERRORPELEA","ERROR")) -> OK
B5: 2 | C5: 10 | D5: 9 | E5: =C5-TOTAL!G5 -> 0 | F5: =D5-TOTAL!H5 -> 0 | G5: =IF(AND(E5=0,F5=0),IF(B5="T","OKPELEA","OK"),IF(B5="T","ERRORPELEA","ERROR")) -> OK
B6: 3 | C6: 10 | D6: 9 | E6: =C6-TOTAL!G6 -> 0 | F6: =D6-TOTAL!H6 -> 0 | G6: =IF(AND(E6=0,F6=0),IF(B6="T","OKPELEA","OK"),IF(B6="T","ERRORPELEA","ERROR")) -> OK | I6: =COUNTIF(G4:G13,"ERROR")*1/10 -> 0
B7: 4 | C7: 9 | D7: 10 | E7: =C7-TOTAL!G7 -> 0 | F7: =D7-TOTAL!H7 -> 0 | G7: =IF(AND(E7=0,F7=0),IF(B7="T","OKPELEA","OK"),IF(B7="T","ERRORPELEA","ERROR")) -> OK
B8: 5 | C8: 9 | D8: 10 | E8: =C8-TOTAL!G8 -> 0 | F8: =D8-TOTAL!H8 -> 0 | G8: =IF(AND(E8=0,F8=0),IF(B8="T","OKPELEA","OK"),IF(B8="T","ERRORPELEA","ERROR")) -> OK
B9: 6 | C9: 10 | D9: 9 | E9: =C9-TOTAL!G9 -> 0 | F9: =D9-TOTAL!H9 -> 0 | G9: =IF(AND(E9=0,F9=0),IF(B9="T","OKPELEA","OK"),IF(B9="T","ERRORPELEA","ERROR")) -> OK
B10: 7 | C10: 10 | D10: 9 | E10: =C10-TOTAL!G10 -> 0 | F10: =D10-TOTAL!H10 -> 0 | G10: =IF(AND(E10=0,F10=0),IF(B10="T","OKPELEA","OK"),IF(B10="T","ERRORPELEA","ERROR")) -> OK | I10: PORCENTAJE DE INCONSISTENCIA VS DEMAS JUECES REVISION
B11: 8 | C11: 10 | D11: 9 | E11: =C11-TOTAL!G11 -> 0 | F11: =D11-TOTAL!H11 -> 0 | G11: =IF(AND(E11=0,F11=0),IF(B11="T","OKPELEA","OK"),IF(B11="T","ERRORPELEA","ERROR")) -> OK
B12: 9 | C12: 10 | D12: 9 | E12: =C12-TOTAL!G12 -> 0 | F12: =D12-TOTAL!H12 -> 0 | G12: =IF(AND(E12=0,F12=0),IF(B12="T","OKPELEA","OK"),IF(B12="T","ERRORPELEA","ERROR")) -> OK
B13: 10 | C13: 10 | D13: 9 | E13: =C13-TOTAL!G13 -> 0 | F13: =D13-TOTAL!H13 -> 0 | G13: =IF(AND(E13=0,F13=0),IF(B13="T","OKPELEA","OK"),IF(B13="T","ERRORPELEA","ERROR")) -> OK | I13: 0.2
B14: T | C14: =SUM(C4:C13) -> 98 | D14: =SUM(D4:D13) -> 92 | E14: =C14-TOTAL!G14 -> 0 | F14: =D14-TOTAL!H14 -> 0 | G14: =IF(AND(E14=0,F14=0),IF(B14="T","OKPELEA","OK"),IF(B14="T","ERRORPELEA","ERROR")) -> OKPELEA
D15: ERRORES: | G15: =COUNTIF(G4:G13,"error") -> 0
